<?xml version="1.0" encoding="UTF-8"?>
<project-private xmlns="http://www.netbeans.org/ns/project-private/1">
    <editor-bookmarks xmlns="http://www.netbeans.org/ns/editor-bookmarks/2" lastBookmarkId="0"/>
    <open-files xmlns="http://www.netbeans.org/ns/projectui-open-files/2">
        <group>
            <file>file:/C:/Users/pc/Documents/ITSON/Integrador/SACM/Dominio/src/dominio/Cliente.java</file>
            <file>file:/C:/Users/pc/Documents/ITSON/Integrador/SACM/Dominio/src/datos/ClienteJpaController.java</file>
            <file>file:/C:/Users/pc/Documents/ITSON/Integrador/SACM/Dominio/src/main/pruebas.java</file>
            <file>file:/C:/Users/pc/Documents/ITSON/Integrador/SACM/Dominio/src/datos/CitaJpaController.java</file>
        </group>
    </open-files>
</project-private>
